m8344	m8202	sample	depth
0.810807680279227	0.775190793834132	AAACTGCAGGGAAATG-1	249.17
0.678077547414059	0.63043021427381	AAAGGGCAGCATTGGG-1	120.79
0.800844064220067	0.796360740506398	AAAGGGCTCGATTACG-1	245.16
0.980188314967179	0.950405368550673	AACCAACGTTTGAAGA-1	105.74
0.899466140390792	0.926736532100615	AACCTGAAGGCAATTA-1	214.42
0.4934178064618	0.565214319487394	AACCTGATCAGTGTGT-1	142.82
0.256753287117742	0.321425701556236	AACGAGGAGTTGAATG-1	97.19
0.649477840434635	0.655624797186774	AACGAGGTCGTTGTAG-1	128.21
0.796223410477696	0.795844997076135	AAGATAGAGAAATTCG-1	269.07
0.365381102104787	0.29332942227437	AAGGAGCGTGTGTGTT-1	114.83
0.271427602044278	0.267923517269746	AAGGTTCAGCTGAAAT-1	273.68
0.742264215132912	0.797025757298231	ACAAGCTTCGTTCAGA-1	205.43
0.384605522935309	0.317455278487643	ACAGACTGTACGACCC-1	55.44
0.593980496387245	0.550721977188516	ACAGCGCAGTGTCGGA-1	160.69
0.785375506189844	0.801741172677184	ACAGCGCCAAAGGCCA-1	408.42
0.814957421427475	0.765098103697639	ACAGCGCGTGGACAGT-1	261.85
0.427628765600226	0.502460579011926	ACATGCATCGATGCAT-1	138.62
0.67212012917821	0.606734755789261	ACATGGTGTATTCTGG-1	82.29
0.746792478229237	0.714283751967714	ACCAAACAGCATTCCA-1	346.42
0.819668771849296	0.812863120283274	ACCATCCCACACTAGT-1	268.88
0.783123094902471	0.781237793159482	ACTAACGAGCAGGAGG-1	68.08
0.463411808464583	0.529912265332199	ACTGCGGGTGCATCAT-1	188.32
0.637925535124697	0.609085371951164	AGACAAAGTGCTGTGC-1	110.33
0.5029210355495	0.484372477226681	AGCCAGCCATCAACTG-1	153.61
0.693324089012146	0.710520083157165	AGCCAGCGTTGGAGGT-1	88.44
0.461075083382734	0.3532912976569	AGCGTGCAGGATTTGA-1	147.57
0.60255637748234	0.510864012347692	AGCTATGGTTTGAAGA-1	94.75
0.764363423198717	0.790389561617635	AGCTGATAGTGAAGGA-1	206.52
0.551995584035328	0.710139781595786	AGGCCTGAGGCACCTC-1	119.95
0.62675614960458	0.624156884853122	AGGCGAAGTAGTAACA-1	145.55
0.761897505738041	0.799993846201183	AGGCGAATCCACACCT-1	109.98
0.542841633096197	0.695637051368449	AGTGCGCGTAGGGTTG-1	51.03
0.397808767121288	0.415661398610245	AGTTACGTCGATATGC-1	297.9
0.606376527909278	0.678077547414059	AGTTTGGCAGATTAAG-1	112.49
0.662064399555865	0.622638572459564	ATATTCCAGGAATGGA-1	153.56
0.79236952385795	0.775083823239366	ATGGATCAGCCTGTAT-1	256.83
0.811712084886674	0.769228303755437	ATGTACGCAAGCCCTG-1	261.59
0.599053778048217	0.600820572754845	ATGTACGGTTGGCTTA-1	213.77
0.921292031055412	0.935955980512411	ATTACTCAGGTAAGTT-1	210.43
0.620249238928868	0.640714726259124	ATTACTCCAAGGAACC-1	154.5
0.661198572685395	0.620108267551578	ATTCGTTCAATGATGA-1	166.17
0.462806092511632	0.594590577090695	ATTGTCTAGAGCGAAA-1	124.62
0.681588648812692	0.647284312851501	ATTTGTCCAAACCCTA-1	217.21
0.780811221764085	0.790113702299972	CAAAGCTCATTCCCGT-1	77.01
0.371322164256749	0.358729019907873	CAACCAACAAGACTAA-1	280.49
0.812489843876951	0.827948086579714	CAACGGCAGATATGTG-1	94.19
0.844813020465164	0.787490156373045	CAAGAAAAGCAACTGG-1	56.24
0.685918101378695	0.677522223054648	CAAGAAACAATTGCCA-1	288.21
0.69166090282581	0.601444917065818	CAAGAAAGTATTCGAC-1	114.03
0.847219868833698	0.869449427024995	CACAACACATTAGCCA-1	336.36
0.767951558278684	0.692733560147709	CACCACTAGAATACTG-1	175.35
0.470758857430241	0.465424294084324	CACCTGTCATCCGTAA-1	351.78
0.586952268461823	0.588603869595762	CACTAAGGTATTCTGG-1	135.08
0.666663194462529	0.697244508052715	CAGCCTTAGTCCGGAA-1	200.49
0.421049861514069	0.462854497974297	CAGCTAAAGAGCAGCT-1	152.73
0.668158438751396	0.72265342713505	CAGCTAAGTCAATCCA-1	246.21
0.901864944556334	0.886550896844971	CAGCTAATCTTGCGCT-1	202.3
0.474988125296868	0.67240219996207	CAGGATTAGTCGTATC-1	57.56
0.492055681655847	0.656559024656317	CAGTATGAGCTCCGGT-1	85.9
0.683271589780819	0.655170531119163	CAGTGCGCAAAGGCCA-1	262.69
0.565102695045065	0.600857079705838	CAGTGTACAATGCACT-1	417.03
0.454847977097067	0.44266548622537	CATGCCTTCTCGTGAA-1	325.08
0.440526693715006	0.477676438944469	CATGTTTCAACTCGTA-1	219.97
0.593604595412806	0.598482581505373	CATTCATGTCATTGCA-1	251.95
0.674494380891339	0.644984701938477	CATTCATTCCAACAAC-1	316.61
0.569440489996597	0.563104062601638	CATTCCGAGAGTTTGA-1	158.74
0.458818131551394	0.637355633454577	CATTGGAAGGGTATCG-1	73.8
0.515147612518087	0.581191613746891	CCACAGGAGCACGTAG-1	127.88
0.345321256681607	0.283781866338741	CCACGTTCAATCCATG-1	132.18
0.460865557690803	0.499995614073561	CCAGATAAGGACTAGC-1	110.15
0.757844135228093	0.778113136434236	CCAGATACAGCAACAG-1	292.64
0.896768407945755	0.877295231317599	CCAGATACATTACTCT-1	150.51
0.775587497687017	0.788587957758531	CCATACCGTGGTTCTA-1	253.2
0.544549063870655	0.543098766389945	CCCACATGTCCAGACC-1	87.17
0.876218644238944	0.892060660124889	CCCACATGTCCCTAAA-1	303.61
0.738089380243014	0.646611679611432	CCCAGAGGTCGTAATC-1	114.66
0.736398592474508	0.703568915825301	CCCGTTATCAAACCAC-1	241.4
0.857130612419822	0.860205804238664	CCCTGATCACTCAGCG-1	73.21
0.631570637228458	0.676046816242025	CCGTACTCACTCGTGG-1	68.56
0.581073228740152	0.71793951359598	CCTATTAGTCCGCTTT-1	77.9
0.423643233284565	0.380708727366866	CCTCCCTAGTCCGTGC-1	197.96
0.551511809019339	0.695398302308607	CCTGCTATCGTGAGTT-1	169.5
0.753518473526502	0.819239594053662	CCTTAATTCAGCACTA-1	312.97
0.828821361969712	0.952373393861953	CCTTGCAAGCCATCAT-1	112.35
0.6249939904424	0.566924669884489	CCTTGCAAGTTCGTTG-1	114.34
0.738090844697353	0.760412706183822	CGCACAGAGGGAGATA-1	169.84
0.440152740723009	0.288523644184773	CGCACAGAGTAACTCC-1	289
0.658650679564041	0.669418721410242	CGCACAGTCAATTCCT-1	198
0.772482685276797	0.761313739449632	CGCGCAACATTCTTTG-1	185.87
0.615375148074645	0.646333581297789	CGCTAGGCAGAACAGC-1	80.62
0.927772623485425	0.972370318396031	CGCTAGGTCTGGTACA-1	176.21
0.698488952316823	0.714282713097844	CGCTATCAGTACCTCA-1	184.46
0.44029522167745	0.408447827832198	CGGACCATCCATACCC-1	124.82
0.534479686898351	0.582471224375132	CGGTGCAGTACGGAGT-1	187.64
0.495865719563142	0.597482397854095	CGTACAAGTCTGATTG-1	253.89
0.335133323603656	0.317267802137341	CGTGGCAAGCGCATTT-1	215.02
0.665367060828557	0.636626056319604	CGTTCCACAAAGGCCA-1	258.45
0.745090734404565	0.767234765217541	CTACAGACAGTTACAC-1	101.48
0.698049681656878	0.687497953875137	CTACAGAGTCATCGTA-1	315.38
0.454543388439143	0.513942175529181	CTACAGAGTTACTTTC-1	214.53
0.722968088053459	0.81034017045879	CTAGCGGCATTGTGAC-1	156.62
0.975891856724618	0.999987179651543	CTAGGATGTGTCTACA-1	78.36
0.555550807258058	0.641661319489004	CTAGGATTCCACGGCA-1	117.07
0.789739539797232	0.749995738660576	CTCAACCTCGAGGTCC-1	180.65
0.768379528016441	0.739261536007558	CTCGCTAAGGCAGTGT-1	318.64
0.472220348331951	0.606296825603049	CTCTACGGTCTAAAGA-1	220.91
0.764036359142032	0.622635635512872	CTGCTCATCACGTGTA-1	91.99
0.58267257738128	0.523359594770142	CTGGCAGCACATTCTT-1	103.05
0.615378698281747	0.744355305599206	CTGGCAGTCTTAAGCG-1	125.1
0.645154353178998	0.540142042758812	CTGGGACCATGGGTGA-1	109.54
0.630944869703932	0.813076513303614	CTGGGACGTGGGTAGT-1	82.83
0.883716819921768	0.906379121790971	CTGGGACTCTTCACTA-1	192.8
0.576761092277625	0.630838173653394	CTGTTCGAGGAGGCGA-1	230.78
0.695642092143592	0.606376527909278	CTGTTCGAGTATGGGC-1	76.06
0.522009295539022	0.647794667958063	CTGTTCGTCTCTATCA-1	138.25
0.463155457076542	0.40313925057984	CTTAATCGTAAAGCTA-1	189.57
0.903840359997692	0.945374179100088	CTTAATCGTTCCCTTG-1	175.68
0.471352939185054	0.528434766742259	CTTAATCTCTCATCCG-1	362.25
0.63978150655104	0.668030049057176	CTTCCAGCATCGTGAT-1	196.35
0.619244270944473	0.669997766674111	CTTCTAACAACTCGAT-1	272.31
0.592434485569388	0.607303162999256	CTTGTCGTCTAGTCGA-1	213.22
0.554341800632602	0.631281389489444	CTTTGCGAGCTGATTC-1	138.91
0.879994133372444	0.818177685971283	CTTTGCGGTATTCACG-1	166.99
0.374997869330288	0.414095092092105	GAAACAATCGCTGATA-1	182.56
0.739128292381761	0.756354329757776	GAAATGATCCATTGAG-1	353.83
0.547159487556839	0.587492656341796	GAACCGCAGTGCTAGG-1	62.37
0.531244466203477	0.430653790848242	GAACCGCCAATGCACT-1	111.59
0.744183162080767	0.735902860822372	GAACGTTTCAGGGTTT-1	283.13
0.66989640877273	0.785707270470799	GAATCTGCACTAGCCG-1	105.86
0.610159149844918	0.634609282603052	GAGAACGAGGCGACTA-1	81.6
0.49999568969233	0.50806041886759	GAGAACGAGGTTCGTT-1	115.78
0.375998496006016	0.436779935709059	GAGAACGTCCTAGAGT-1	223.29
0.597006014835599	0.482750297408665	GAGACTTAGCGTTGCC-1	63.83
0.789470487973733	0.793890099656108	GAGCATTTCCGCTCTA-1	254.32
0.373828281978673	0.381941792070888	GAGGCTCAGTCCGTGC-1	111.39
0.621617421503909	0.7417541661859	GAGGCTCAGTTTACGC-1	157.34
0.973671399060539	0.946654044612738	GAGGTCCGTTCTGATG-1	80.01
0.317999364001272	0.334600124334364	GAGTGAGTCTTGTACT-1	492.02
0.516477840902847	0.512190957797091	GATGATCAGTGATATG-1	100.04
0.745660429708499	0.829540741245788	GATTAGCCATTAGCCA-1	155.92
0.259256058567178	0.313722414486132	GCAAAGGTCGCGTGAC-1	83.3
0.831679051093806	0.829361788246872	GCACCTTAGAACGTCG-1	219.44
0.5342941000213	0.498280074638919	GCACGCACAAGCTTTG-1	269.71
0.830501436428505	0.866659444504629	GCAGCCACAAAGGCCA-1	101.69
0.785703061384837	0.819039818668394	GCAGCCATCTCCACTG-1	75.03
0.763155025732986	0.797056479245649	GCATTCCCATCCATAG-1	263.98
0.558920677034757	0.501659462925372	GCATTGAGTTTGATCG-1	296.52
0.639049473080041	0.725578020567346	GCCAGACAGGTTCGAG-1	181.77
0.567738272656305	0.509313606747784	GCCATAAAGGTCCTCG-1	151.97
0.37878213966455	0.535348127796689	GCCATAAGTTGAAGCG-1	72.4
0.692300084614455	0.704537448438086	GCCCAGATCGCTATTT-1	101.64
0.894730955717397	0.848644061383452	GCCCGAAAGAGGAAGT-1	164.24
0.47026772828255	0.534185751342943	GCCTACTGTGATAGAT-1	185.37
0.787435809488843	0.773105995352961	GCCTACTTCTGAGTCA-1	220.75
0.457136326623905	0.460668981247402	GCGAGAAAGGTACTCT-1	83.36
0.416663510124923	0.359709642376674	GCGAGTCCAAGCAGGT-1	145.66
0.360460924872967	0.1999984000128	GCGCATGTCCGTCAAA-1	109.86
0.631246054712158	0.49999705884083	GCGCCAACATGCGTTA-1	159.73
0.322311385856315	0.239128701965928	GCGCCAAGTGGAAGCT-1	124.64
0.238092403661861	0.155553827179698	GCTGAGCAGAACGTCG-1	77
0.519081988236686	0.549104691496913	GCTGAGCTCGTTCTAT-1	246.03
0.812487304885861	0.777765432294726	GCTTAAGAGGAAGAAC-1	55.08
0.545448347177873	0.586461755926647	GCTTGCTCATGGGAAC-1	108.51
0.554740476346888	0.557891800569471	GCTTTCGCATGGGTGA-1	156.37
0.868415339372767	0.843238685196296	GGAACCCCACAGCTTA-1	159.44
0.639168668364244	0.61110626106142	GGACACCCAAAGCTGG-1	94.49
0.914055358942508	0.936355124044327	GGAGAACAGACGTCAG-1	113.17
0.578056632672436	0.546426619904929	GGGAACACACACTAGT-1	222.63
0.592589457198639	0.601807231641486	GGGTCTGAGCCATGGA-1	186.35
0.818891189833151	0.856282297710792	GGTGAAGAGGATGTAT-1	142
0.542849387865888	0.421047091485638	GTACTTTAGAAACGCC-1	76.05
0.794109861668023	0.75167280756505	GTAGTACGTCTGCACG-1	111.64
0.469942787197884	0.483868737932083	GTAGTACGTTAGGCTT-1	182.96
0.51514956382741	0.607380512145932	GTCACGGCATGGTAAA-1	254.05
0.643472665455083	0.608103999297302	GTCACTCTCCCACGGA-1	122.39
0.433959534845693	0.440756204946896	GTCCATCCATCGACCG-1	175.13
0.424989375265618	0.559988800223996	GTGCTGGGTAAGTCTC-1	53.84
0.392149173545617	0.277105095119336	GTGTCCTAGCGGACTA-1	77.72
0.43965138231567	0.613134210699192	GTGTGATCAGGATGTG-1	130.08
0.390623474127054	0.408025391219427	GTTCAAGGTGCCCTAG-1	270.88
0.491933500268144	0.558392122656487	TAAACCGAGCGCCTAC-1	248.21
0.445857032757753	0.502436573480129	TAACTTCTCGTGGAAG-1	172.94
0.493503288939682	0.536309853017581	TAAGTGCTCCCACTAC-1	162.25
0.469132906586996	0.478492051118005	TAAGTGCTCGCTATTT-1	168.36
0.329586780573856	0.463085694343308	TAAGTGCTCGTTGTAG-1	249.66
0.610387628611595	0.624258508110923	TAATCGGGTTATAGAG-1	290.6
0.302787638296262	0.318180853997412	TACAGCACAAGCCTTA-1	286.98
0.617974056325526	0.555553181396661	TACCCTGTCGGTTCCT-1	190.69
0.368416205049934	0.629206413411085	TACGCCTCAATGCATC-1	75.33
0.77776913589849	0.829108676527364	TACGGATGTAACGGTG-1	136.1
0.380206353091911	0.390241998819518	TACGGATTCACAGGGA-1	177.22
0.383556389638498	0.652166824273649	TACTAGGAGCAATGTA-1	89.63
0.777768175701534	0.846146614131503	TACTAGGGTAGAAGCC-1	98.6
0.423996608027136	0.507808532745838	TACTAGGTCCCTACGT-1	119.91
0.529066691472724	0.479039047670373	TACTCGCAGAATATCG-1	155.82
0.710277054780118	0.720146566617289	TACTCGCAGGTTCGTT-1	240.32
0.692297041583976	0.661754974191556	TACTGCCCATCCGTAA-1	75.07
0.490794535002853	0.538458777134476	TAGACTGGTCCGTGCA-1	196.87
0.272150176264707	0.328123291024526	TAGCGGCAGCGTGTTT-1	175.62
0.431950106804102	0.33170569899659	TAGGAGGCAAATTGAG-1	185.88
0.67676425876637	0.659189869103726	TAGGTGTAGTCTGCTA-1	204.81
0.524581564236652	0.62856244910787	TATCGAGCACAGATGG-1	62.34
0.760680509912351	0.785437603687342	TCAAAGCAGAGCTCCC-1	221.24
0.594194287039318	0.679605052378132	TCAAAGCAGCCAGAAC-1	84.28
0.812943791771282	0.828215777817314	TCAAGACTCGTCAACA-1	170.28
0.362828647534093	0.419750495367313	TCACAAGAGAACAGGA-1	145.64
0.841263164578059	0.840201854629615	TCACAAGAGATTAGAC-1	165.55
0.575265724377826	0.557015100810961	TCACAAGCACCTCGTT-1	202.24
0.357141034994719	0.354715642582481	TCACAAGTCTTGTCAT-1	205.7
0.473681094203328	0.468418587270593	TCACCACCAGAGTCGA-1	150.81
0.666662309396671	0.593019808024372	TCACCACTCGGTCGAC-1	143.24
0.258276435255396	0.360213117133779	TCACCTGAGACAGCTG-1	162.34
0.854073587667006	0.812762498882983	TCAGGTATCCTCTCTT-1	228.31
0.370366941046842	0.448815363658554	TCAGTTTGTGGTGGTA-1	97.06
0.359786456156317	0.351850222915635	TCCAGAAAGTCGAAAT-1	203.38
0.566113363167921	0.615118161105976	TCCCACAGTATGTCCA-1	230.1
0.642583108049019	0.589223605307726	TCCCACATCCACTAGA-1	246.53
0.900493032372973	0.950814476423626	TCGCCTAAGCGAATAT-1	193.7
0.810452219266541	0.778374170950427	TCGCCTAAGTCACGCC-1	158.55
0.51723543407547	0.492853622474125	TCTCAGCTCAGATACC-1	88.88
0.43282936075581	0.328943040223155	TGAGTCAAGTGCACAG-1	76.92
0.763438123877692	0.715540423635121	TGATGCATCGGAAAGC-1	282.29
0.711379222035683	0.637792764595415	TGCATGACAATGATGA-1	232
0.751440743117092	0.775225801716506	TGCGTAAAGCGTCTGC-1	202.25
0.699706414850103	0.7110461443452	TGCGTAATCCACGCTT-1	297.65
0.338127063834073	0.409087809940834	TGCTATTCATCGACCG-1	131.25
0.677770246997256	0.747819584177529	TGCTTCGTCGTTCAGA-1	93.12
0.687994496044032	0.652887166221767	TGGACATGTGAATGGC-1	112.09
0.517410361142482	0.560342412317188	TGGGTGCTCTAGCAAC-1	196.82
0.623522076210868	0.70102370078659	TGTACGACAGTCAGCC-1	75.56
0.797975767799152	0.766795388160521	TGTAGCACAGGACTGA-1	232.44
0.659083419506596	0.714277865078406	TGTGTCCTCACGATTG-1	121.92
0.676468377554322	0.661288544923266	TGTGTCCTCGTATAGC-1	311.72
0.769904691108928	0.778565867386661	TTACCGCGTATGTCCA-1	116.98
0.392304674579426	0.485027035766253	TTACGGATCTCGACCT-1	129.75
0.542633555683893	0.498280074638919	TTACTCAGTCCGTAGC-1	284.12
0.615377852990626	0.787228459372629	TTACTTGAGTGAACCG-1	117.46
0.684844334276762	0.658532569923354	TTACTTGCAGTTGGAG-1	170.48
0.121494948613867	0.132315184948639	TTACTTGTCAACACGT-1	328.54
0.777766975458674	0.733325185275719	TTAGCTTGTTCTTTGT-1	66.61
0.56018259174726	0.59622416519183	TTAGGTGTCAATCGTG-1	230.83
0.725083418957323	0.682168779925633	TTCATCATCGGGAAAC-1	341.73
0.56018259174726	0.512542965795822	TTCTAACCACTCCACT-1	236.36
0.668474627855283	0.658631893044606	TTGCAGAAGGTCGTTT-1	188.41
0.403222554656817	0.327041968289508	TTGGTCCCAGCAACGA-1	126.49
0.53024722331949	0.559373251958588	TTTACGTTCTGAGTCA-1	296.67
0.797215114880487	0.800355079580963	TTTGTGTCATCGACCG-1	494.49
0.787872819145309	0.741931494991962	TTTGTGTTCTCCTTAA-1	153.4
0.624992187597655	0.430549575700337	AAAGGATTCAGTGTGT-1	67.83
0.427743192235883	0.511309903575097	AAAGGGCTCCATAGGT-1	174.52
0.164793390286928	0.149681051971172	AAATGAGAGAGGCGGA-1	289.56
0.879982400351993	0.860455110987081	AACATCGAGCATTGGG-1	71.09
0.596485995736879	0.526942952437411	AACCTGACACCCATCT-1	125.15
0.815328169588259	0.768022670775327	AACCTTTAGACGCCCT-1	297.81
0.641023292954971	0.632256024980565	AACGGGAAGAGTTTGA-1	281.11
0.399997142877551	0.379307728912214	AACGGGACATTACACG-1	149.64
0.814809785124783	0.795450025852126	AAGGTTCCAGATGGCA-1	167.41
0.40259478834553	0.396133352012792	AATACGCAGACCCTAT-1	177.85
0.779656612109536	0.782098124131813	AATGTCGCAGCAACGA-1	223.47
0.856027797557208	0.903651482885439	ACAATCGAGTTCAACC-1	271.03
0.661865741973079	0.508667579956185	ACAATCGCAGGGCTTC-1	163.05
0.214951262137737	0.243476143685707	ACAGCGCCATCGCCTT-1	119.92
0.670877583828053	0.681028611822312	ACATGGTCAACGTCGC-1	84.91
0.718304800670418	0.683979723031502	ACCAAACAGCTCCGGT-1	183.82
0.429244270650305	0.427124641448094	ACCATCCGTGTCTACA-1	383.73
0.689020188901287	0.610734156146603	ACCCAAAGTAAAGGCC-1	147.74
0.53999784000864	0.565834285287241	ACCCAAAGTAACGGCA-1	257.03
0.746473616382983	0.618416984098789	ACCCAAATCTGTTGCC-1	151.11
0.634401780626015	0.591540964211772	ACCGGGTAGTAGTTCC-1	83.04
0.74998897075043	0.677076280455412	ACGTTAGAGAACGTTA-1	91.71
0.505812483103247	0.530265059890896	ACGTTAGTCTCCTTAA-1	344.66
0.803734561988028	0.819324288553409	ACTACGAAGGGTTCCC-1	215.91
0.414198732551878	0.462220167910365	AGATAGACAGTATACC-1	176.39
0.642841837099117	0.814804755496846	AGATTCGAGTGAGTGC-1	60.72
0.67300124334128	0.645482791027455	AGCCAGCAGTACAGAT-1	267.2
0.61701471260944	0.558133044964593	AGCCCGACACAGCTTA-1	89.97
0.736100887487674	0.721509854305642	AGCCCGATCGCGCTGA-1	81.12
0.452375566957536	0.371130194534077	AGCCTGGCAAGCGAAC-1	102.95
0.584549927870714	0.560076433960399	AGCCTTCGTTCACGTA-1	482.63
0.263997888016896	0.487175323287835	AGCCTTCTCGTGGTAT-1	123.62
0.716967604384823	0.799987692497038	AGCGTGCAGGTAAGCC-1	62.9
0.689043501613069	0.710961093152515	AGGCCCACAGTAGGCA-1	278.55
0.681813016568056	0.716758862665534	AGTCAACCATTAGCAC-1	120.58
0.910107246588502	0.831272299290949	AGTCCGGTCTTCATAC-1	171.27
0.555553564324142	0.564514611519861	AGTGCGCTCATCGCAA-1	315.5
0.679995466696889	0.651002342266159	AGTGTACGTACCAAGG-1	140.33
0.493020962693197	0.515834769978416	ATAGGCTGTATCTAGC-1	222.98
0.637492031349608	0.78047828685016	ATAGTCGTCGCAGATT-1	86.7
0.361109678136198	0.395971825597901	ATATTCCGTAGCCATT-1	257.45
0.761584360368474	0.77380491782787	ATCCCTGCATGGGACA-1	143.29
0.885412055145546	0.829163211819951	ATCCTCGTCCGCTCTA-1	205.23
0.607840157646286	0.431370857369187	ATCCTGCTCGGACGAA-1	213.44
0.539322812793187	0.548074288104384	ATCGAGTTCCTTACGC-1	182.52
0.599997000015	0.598589441586473	ATGCATGAGAGTGGAA-1	239.04
0.733810310034856	0.705693969322882	ATGTACGCAATGAAAC-1	277.09
0.574992812589843	0.679990933454221	ATGTCTTAGTGTCCCG-1	88.88
0.383619036124844	0.393011384229763	ATGTCTTCACAAGGGT-1	206.88
0.491223761195077	0.423073668664087	ATTACCTAGAAACGCC-1	113.61
0.511995904032768	0.385317565893891	ATTCGTTAGTTTACGC-1	104.75
0.563905534544853	0.706245585965088	ATTCGTTCAATGGCAG-1	143.21
0.826074984420516	0.734167921925039	ATTGTGGTCCAGGTAT-1	72.72
0.429445218127496	0.438773271564941	CAAAGCTTCGATAGCT-1	178.82
0.525176077869943	0.648932718442987	CAACGTACATCACAGT-1	156.44
0.739579481356868	0.789912647425851	CAATCCCAGCTGATTC-1	209.52
0.920315058505743	0.904287444595892	CACATGAGTGCATTCA-1	259.82
0.785709183706599	0.828278645057348	CAGGATTTCGCTTGAA-1	175.1
0.819039818668394	0.712225091905814	CAGTATGTCTTACTCA-1	104.76
0.584065627737808	0.618700584887878	CAGTGCGGTGGACTGA-1	111.05
0.635709744930393	0.532464074908604	CAGTGTACATATACGC-1	153.1
0.309521967131148	0.508284484616107	CATAACGTCTGCTACC-1	181.76
0.671193828277641	0.664802612283206	CATGTTTAGGTAGGCT-1	318.38
0.783546391574062	0.77984783638867	CATTCCGCACGTTAGT-1	226.7
0.387095813658031	0.438971222759694	CATTCCGGTTGGGAAC-1	418.65
0.562788080055442	0.532605801055429	CCACAGGAGAAGACTT-1	212.85
0.795448519329399	0.697138873492151	CCACAGGGTCTGTCCT-1	150.22
0.681810433972341	0.548667710905213	CCAGAATCATGGATGG-1	94.6
0.85863649571598	0.774890097640481	CCAGATAAGTGAACCG-1	395.66
0.73658177277184	0.683717750149999	CCCACATAGTTGGAAT-1	196.13
0.781815338853313	0.729062243689055	CCCACATCACGCGCAT-1	321.9
0.171427346947522	0.134077463254395	CCCAGAGAGTTGTCCA-1	152.26
0.764690888413953	0.691166306377847	CCCTAGTTCTCGTAGA-1	68.86
0.67240219996207	0.666658730253211	CCGCATTAGAGTAAGG-1	64.27
0.697671173622448	0.712443294234789	CCGTACTAGAAAGCAG-1	217.95
0.562488281494136	0.528729554832703	CCGTGAGTCATCGCAA-1	69.47
0.541042757303144	0.59189846760602	CCTGGGAGTTCCCTTG-1	281.01
0.718847543618072	0.732140678152744	CGCGCAACAGGGTACA-1	296.7
0.759994933367111	0.779812936637905	CGGACTGTCACCGCGA-1	183.92
0.760861294985924	0.79438509920468	CGGACTGTCTCTGCGT-1	94.29
0.752932318443312	0.798238611942001	CGGTGCATCTGAAAGA-1	86.73
0.6215114680818	0.676920994089249	CGTACAAAGATCGATA-1	275.69
0.435157247385454	0.479694213974076	CTAACTTCAGAATGCG-1	338.74
0.530114095010903	0.572910698846887	CTAGGATCACACACCG-1	82.24
0.712225091905814	0.749995923935196	CTAGGGCGTCAATCCA-1	155.2
0.796744728679965	0.766533982358045	CTAGGGCGTCTGCACG-1	216.89
0.253517556090759	0.291662615797003	CTCAGCTCAATGCATC-1	65.28
0.912277500780699	0.91361822718197	CTCCCAAGTAGTGATA-1	279.78
0.403666021412648	0.406247460953369	CTCTCAGAGGACTAGC-1	138.55
0.754092179572299	0.787351796828754	CTCTCGATCTCTCAAT-1	136.54
0.568279434892357	0.520144614854891	CTGCTCAAGATAGGTT-1	219.28
0.549486179228057	0.626901962177761	CTGGGACCAAGAGCGT-1	285.64
0.511997952008192	0.55677451730946	CTGTATTTCGCACCGA-1	249.96
0.459713461073644	0.557310050157904	CTTAATCAGACTTCCA-1	213.03
0.259257887524405	0.320511450805766	CTTGAAGCAAGACTAA-1	201.25
0.495865719563142	0.60966316110349	CTTGCCACAATCACTG-1	221.44
0.37429958491852	0.426722298610782	CTTGCCATCCCGCAAG-1	220.69
0.804647420244557	0.748914506863607	CTTGCTGTCGTTCCGT-1	218.26
0.758424835885293	0.778059239644797	GAAACAAAGTGCTGAG-1	341.06
0.731247714850891	0.75144291490487	GAACTTGCATCCCTTG-1	299.45
0.884051564843733	0.879116048812919	GAAGTCTAGCCGCAAA-1	158.46
0.627267024845229	0.528567653088192	GAGACTTCATTACTCT-1	122.94
0.382020325728507	0.426722298610782	GAGCGCTGTATCTCAG-1	183.78
0.649603741717552	0.667880774157759	GATCATGAGTTCCAGT-1	235.28
0.453984944877639	0.419510148730982	GATCATGCAAGCGACA-1	186.19
0.926456963868178	0.804339083270834	GATGGCCAGGGTCCCT-1	75.18
0.513508887307322	0.380162147420269	GCAAAGGTCGGTTAGT-1	129.44
0.509674131134638	0.571425431728397	GCACCTTTCTCCCTTT-1	170.31
0.294518530694995	0.311556223335561	GCACGCATCGCATACA-1	162.19
0.735842114697031	0.826917776168101	GCACGGTAGAAGGGCG-1	141.57
0.535711096957756	0.564099671283737	GCATGATCAGTCCTGG-1	169.17
0.894732132988774	0.889529712036558	GCATTCCCACGTTAGT-1	184.85
0.787091696182605	0.78064012490242	GCATTGACATGCACTA-1	163.73
0.702016656481533	0.612900401380639	GCCAGCACATACAACC-1	200.86
0.554344813343406	0.499997524764729	GCCAGCAGTTATAGAG-1	188.78
0.231074776594516	0.270269357198118	GCCCAGAAGAGCCACA-1	275.8
0.397056877172171	0.467431159267589	GCGAGAACAACGCAAG-1	217.01
0.617280140246048	0.522839985583829	GCGATTATCTTGTCAT-1	195.77
0.339364980248958	0.359502646683278	GCTCACTTCCTGACCT-1	199.4
0.808688620098956	0.780483045835086	GCTCAGGGTCAATCCA-1	139.58
0.716807815860037	0.786878796075442	GCTCGAGGTGCACTTA-1	111.14
0.574189843936491	0.667997328010688	GCTTTCGGTGCTTGAT-1	193.94
0.88349228643273	0.909345865875734	GCTTTCGTCAAACCCA-1	300.06
0.47008145229528	0.464908202559627	GGAACTTAGTTCGTTG-1	113.95
0.671713779223337	0.752423531924602	GGAGAACGTATTCGAC-1	176.34
0.512193337305445	0.522386500338805	GGAGAACGTCGCTACG-1	313.36
0.855327778355893	0.780427731676058	GGATGAGAGTCTCTAG-1	389
0.767997952005461	0.783214957540892	GGGACCTAGTTAGCAA-1	392.46
0.45900886870707	0.579701743452993	GGGTGTCAGCTGGAGT-1	59.38
0.857773965449042	0.776058779695831	GTAGACTCACATATCG-1	215.84
0.43673291129424	0.400733820831541	GTAGGAGTCCCAATGA-1	241.36
0.80314328233636	0.832330345327273	GTCACAACAACGTCGC-1	139.2
0.482139987261981	0.456950616221085	GTCACAACAACTCAAC-1	154.21
0.812023969744588	0.775636053615041	GTCTACCCAAATAGTG-1	145.91
0.850423716137965	0.823318645517154	GTGATCACACTGCTCT-1	238.78
0.51898405706293	0.478869867113612	GTGCACGAGCCGCAAA-1	140.12
0.522182518148402	0.565215635976286	GTGCACGCAAGCTTTG-1	287.51
0.542771260261769	0.606143558258217	GTGGCGTCACCTGAAT-1	316.06
0.570728923273545	0.600772865221453	GTGGCGTTCCGATTGA-1	203.52
0.590514696057345	0.652507133177092	GTGTGATCATGCGACC-1	233.08
0.653841124299044	0.72931782467801	GTTACTTCAAGCGTCC-1	111.79
0.442526192378205	0.413791065068645	GTTATGGAGTGCACAG-1	186.62
0.744587132928284	0.727590988416541	TAACTTCCACCGATCG-1	484.31
0.753081771100178	0.782824329170055	TAAGCCAAGCGGACAT-1	176.31
0.817138187781784	0.81689757325083	TACATGGGTAACCGAG-1	184.51
0.634094315812233	0.627905759872558	TACATTCTCCTGGAAT-1	480.58
0.599995555588477	0.551944467893066	TACCCTGCATCGCCTT-1	137.28
0.581390841931458	0.526312711621569	TACTCGCCACCTGGTG-1	153.91
0.898866304872979	0.743583388176169	TACTGCCAGGGTAATT-1	106.19
0.749994932466672	0.707861191791057	TACTGCCCATATACGC-1	153.25
0.804339083270834	0.803730806254147	TAGACTGTCGCTCTAC-1	99.29
0.531638840014683	0.528921248584722	TAGCATGAGACGCCCT-1	103.87
0.628862737820939	0.627702910377011	TAGCCCTAGACGCCAA-1	198.43
0.632475929590045	0.631032306785149	TAGCCCTTCGCATACA-1	254.49
0.571426097722521	0.543304947618316	TAGCTTTGTGGACAGT-1	221.88
0.848588561307883	0.876503384025952	TAGGTCATCTTCTTCC-1	293.56
0.328356575340421	0.305823758137096	TATCGAGCATGCCTTC-1	180.91
0.248320481070597	0.281435440506344	TATCTGTTCGTTCCGT-1	147.84
0.490561409798021	0.485709659908001	TATGTTCGTTAGGAAT-1	97.01
0.821906549225353	0.813552427521801	TCAAGCACACTTGCGG-1	90.84
0.506166590535919	0.659083419506596	TCAAGGTCAATACTGC-1	78.89
0.710277054780118	0.713751993487013	TCAAGGTGTTTCCTAT-1	219.87
0.656559024656317	0.653839866924356	TCACTCGAGGGCGAAG-1	96.84
0.828699867130245	0.833932007465677	TCAGCTCCAACAACTC-1	243.72
0.193876561854276	0.174088364014721	TCAGCTCTCTATCTTG-1	206.18
0.704215433585442	0.803905805768514	TCAGTTTGTCACTCTC-1	55.63
0.66665608482405	0.802621018144498	TCAGTTTGTTTGTAGC-1	64.45
0.75300751200294	0.77380491782787	TCAGTTTTCACTAGGT-1	148.26
0.249994791775171	0.29267935756881	TCCATCGTCAGGCCGT-1	64.88
0.671812077945645	0.671812077945645	TCCCACAGTTAGCTCA-1	242.9
0.770259861353225	0.731474708567513	TCGCCTAGTAGAACGC-1	87.4
0.897717071396916	0.873008944373457	TCTCAGCCATCGACGC-1	101.63
0.34482164100619	0.213330488926814	TGAATCGAGGATGCCA-1	61.44
0.788880123554183	0.711105843660417	TGACTCCCACAAACGG-1	111.63
0.337977916453253	0.412967873829782	TGATTTCAGACTTCCA-1	276.7
0.483865764884249	0.616816665264811	TGCATTTAGGGTTCCC-1	107.25
0.531248339848938	0.579102748947018	TGCCTCATCCAACAAC-1	320.91
0.801237259395904	0.753842287988267	TGCCTGTCAAGAGCGT-1	174.73
0.599995555588477	0.563448916502962	TGCTCACTCCGTGCGA-1	178.25
0.621790885955859	0.596770985102231	TGGGTTACATGGAGGT-1	157.16
0.564513094015624	0.578944829189346	TGGGTTATCGTGAGTT-1	191.99
0.423419608832353	0.486952287371414	TGTACAGGTTTGTACG-1	85.08
0.861525207304503	0.833323412816514	TGTGGCGAGTAACATG-1	72.68
0.742157692830339	0.763931921534684	TTACCCGAGAGTCCGA-1	289.41
0.486952287371414	0.427477652842345	TTACCCGGTCACAGTT-1	115.17
0.632903380969861	0.813944023906699	TTACCCGTCCCGTAGG-1	80.5
0.806438605828938	0.783773192254159	TTACCGCTCGTGCTGG-1	62.21
0.624988839485009	0.55383763326718	TTACGGATCAACTTGG-1	61.95
0.836062147286282	0.767438885895791	TTAGCTTGTTTCCACC-1	260.96
0.643352144390599	0.642379851789061	TTAGGTGCATCGCTAA-1	158.42
0.862555153767044	0.771214866365807	TTATGTCTCAATTGGC-1	219.01
0.509994900050999	0.550842789467886	TTCAACTAGAGAACCC-1	111.79
0.437497721366035	0.440152740723009	TTCAACTAGAGCACTG-1	199.63
0.362594035900626	0.428984263813728	TTCGCGTTCTGGCTAA-1	280.94
0.407974208668072	0.369999075002312	TTCGGTCTCTACTTTG-1	311.72
0.646640824590726	0.636073936474885	TTCGTTATCTTAATCC-1	300.6
0.487921526759597	0.490048532217582	TTCTAACGTCGCGCTA-1	378.6
0.611935731822897	0.558278783565745	TTCTGTAAGTAACTCC-1	143.39
0.616158504249979	0.673073687145735	TTCTGTATCGATGCAT-1	199.59
0.607731448997519	0.657404363868686	TTGAGTGAGACTAGGC-1	190.47
0.59183270862103	0.620317538408885	TTGAGTGCACAGCTTA-1	155.71
0.597694279376099	0.583327932148776	TTGAGTGTCAGGATCT-1	89.84
0.529066691472724	0.592175462706912	TTGCCCACATCGACCG-1	149.79
0.499997448992607	0.48221153276074	TTGCGAACATCGTACA-1	195.61
0.413327822295703	0.531909235008138	TTGTCTACACCGAATT-1	75.54
0.762878733208936	0.761898715089563	TTGTTCAGTTCTTAGG-1	105.7
0.578541844667262	0.563692472316967	TTTGAGGCATTACTTC-1	259.31
0.590357889410305	0.568418060957574	TTTGTGTGTCACAGTT-1	168.82
